Month,AvgMonthlySales
1,1853314240.22379
2,1296672461.80082
3,1732995142.91116
4,1654433820.93928
5,1817298832.68716
6,1698552110.70491
7,1861485013.59965
8,1866780289.25633
9,1904745671.06268
10,2004355971.23741
11,1889354638.25539
12,1966061857.5472
