Month,AvgMonthlySales
1,742.533002211147
2,754.33971864373
3,727.868205410696
4,742.291555326835
5,749.710634056923
6,764.677646386299
7,754.080421027524
8,754.244617437799
9,771.450079165371
10,755.582424492727
11,760.840911881697
12,752.717622924682
